{
  "n_features_total": 122,
  "n_features_selected": 60,
  "best_n_estimators": 107,
  "best_max_depth": 15,
  "confusion_matrix_pso_rf": [
    [
      9444,
      267
    ],
    [
      4413,
      8420
    ]
  ],
  "class_labels": [
    "Normal",
    "Attack"
  ],
  "multiclass_labels": [
    "DoS",
    "Probe",
    "R2L",
    "U2R",
    "normal"
  ],
  "multiclass_report": {
    "DoS": {
      "precision": 0.9609665427509294,
      "recall": 0.7623324396782842,
      "f1-score": 0.8502018238899686,
      "support": 7460.0
    },
    "Probe": {
      "precision": 0.8089887640449438,
      "recall": 0.7434944237918215,
      "f1-score": 0.7748600947051227,
      "support": 2421.0
    },
    "R2L": {
      "precision": 0.75,
      "recall": 0.003119584055459272,
      "f1-score": 0.006213324128408699,
      "support": 2885.0
    },
    "U2R": {
      "precision": 0.0,
      "recall": 0.0,
      "f1-score": 0.0,
      "support": 67.0
    },
    "normal": {
      "precision": 0.657307665577872,
      "recall": 0.9739470703326125,
      "f1-score": 0.784896265560166,
      "support": 9711.0
    },
    "accuracy": 0.752040454222853,
    "macro avg": {
      "precision": 0.635452594474749,
      "recall": 0.49657870357163547,
      "f1-score": 0.4832343016567332,
      "support": 22544.0
    },
    "weighted avg": {
      "precision": 0.7839885090091137,
      "recall": 0.752040454222853,
      "f1-score": 0.7034463702300168,
      "support": 22544.0
    }
  },
  "pso_best_val_accuracy": 0.9975788846993451,
  "cost_history": [
    0.0026195673744791037,
    0.0025004961301845485,
    0.0025004961301845485,
    0.0025004961301845485,
    0.0025004961301845485,
    0.0025004961301845485,
    0.0025004961301845485,
    0.0025004961301845485,
    0.0025004961301845485,
    0.002421115300654919,
    0.002421115300654919,
    0.002421115300654919
  ],
  "n_train_rows": 125973,
  "n_test_rows": 22544
}